Actual,Predicted,Probability
0,0,4.6164127767943544e-05
1,1,0.9992626834083936
0,0,0.0511504919310537
1,1,0.5696743057181033
0,0,1.4441144131721037e-05
1,1,0.9663990444980893
1,1,0.9991139505170967
0,0,0.0002794922714251083
0,0,0.004965616493660412
0,0,5.560060426338201e-07
1,1,0.958174332811969
0,0,0.03965502071339551
1,1,0.9882876862665193
0,0,0.0043377452929976084
0,0,0.02127978660189952
1,1,0.81551430748048
1,0,0.3727727249401222
1,1,0.6815422079015978
1,1,0.9984969495905219
1,1,0.9131794616264693
0,0,0.03171958615327588
0,0,0.2244641253213624
1,1,0.9971649661273975
1,1,0.9816173245589013
1,1,0.964766980658253
1,1,0.79111886321522
0,0,3.514899118940727e-05
1,1,0.952297173043617
1,1,0.9854869703534441
1,1,0.9934706345042399
1,1,0.9239320900277594
1,1,0.9991823667087688
1,1,0.9377361392649778
1,1,0.8949919648519734
0,0,0.002008713942717468
0,0,0.4394444910260988
1,1,0.987699313661976
1,1,0.9290329626002699
1,1,0.6402907943929513
0,0,0.0012240343922879109
1,1,0.9978218535439997
1,1,0.996526446686258
1,1,0.9545298148452976
0,0,0.00015117137358600297
0,0,0.04165707356529437
1,1,0.6570359118956809
1,1,0.9998654264412554
1,1,0.9958614587489893
1,1,0.7670223681866567
0,0,0.00900692101816141
1,1,0.9901758054373067
1,1,0.6232977415041004
1,1,0.9898219649820246
0,1,0.7944552096277592
1,1,0.8659007001806878
1,1,0.9821909751035143
1,1,0.9991836209096616
0,0,0.08021931377828224
0,0,0.00033551526524344975
1,1,0.894697812249587
1,1,0.9843847158479765
1,1,0.9989942301138126
1,1,0.993130438523701
1,1,0.920210217817695
0,0,0.0009909144654691247
0,0,0.399146696287237
1,1,0.5581732130964643
1,1,0.9668569290560312
1,1,0.8263843261778959
1,1,0.813383257021914
1,1,0.9909297390246892
1,1,0.9549372021781396
1,1,0.9997768628404632
0,0,0.004164127458623008
0,0,0.016036249881814808
0,0,0.004724666947027442
0,0,0.16079417161920134
1,1,0.9891428547636261
1,1,0.9891504878106491
1,1,0.9482050215510349
1,1,0.8238331669813779
1,1,0.9951277881735178
0,0,0.0017446641856385069
1,1,0.996270925152402
0,1,0.5143600689315538
1,1,0.9890480287124083
1,1,0.9471098976351155
1,1,0.9993749167159535
1,1,0.8600794374460158
1,1,0.8223262223514295
1,1,0.8237623488494769
1,1,0.9160663854608981
0,0,0.0002549977758471275
0,0,0.009557092936877457
0,0,0.0046954335712217615
1,1,0.9998514911465287
0,0,0.004725570703975742
1,1,0.9790943074450159
0,0,0.0004928379289810628
1,1,0.9633706500227421
0,0,0.01881041887641922
0,0,6.033124149381428e-05
0,0,0.052159607025956595
1,1,0.9733291373626382
0,0,3.960054604689138e-08
0,0,9.27175927325868e-13
1,1,0.9887312538888395
0,0,0.0019495279257083396
1,1,0.9851804790796898
0,0,0.0005408002718981538
1,1,0.616315385069149
0,0,0.010393902487411523
1,1,0.8550079147924357
1,1,0.954914197568608
