mean_fit_time,std_fit_time,mean_score_time,std_score_time,param_model__C,param_model__solver,params,split0_test_score,split1_test_score,split2_test_score,split3_test_score,split4_test_score,mean_test_score,std_test_score,rank_test_score
0.03318791389465332,0.014353049586877813,0.029322004318237303,0.01606707325037597,0.01,liblinear,"{'model__C': 0.01, 'model__solver': 'liblinear'}",0.9557522123893806,0.9911504424778761,0.9743589743589743,0.991304347826087,0.9734513274336283,0.9772034608971893,0.013233888159810038,5
0.027997589111328124,0.002432769139630594,0.020342588424682617,0.0026093212562811486,0.01,lbfgs,"{'model__C': 0.01, 'model__solver': 'lbfgs'}",0.95,0.991304347826087,0.95,0.957983193277311,0.9661016949152542,0.9630778472037305,0.015322497616019441,9
0.021067380905151367,0.0027563335531359543,0.020375442504882813,0.0037349327415195695,0.1,liblinear,"{'model__C': 0.1, 'model__solver': 'liblinear'}",0.9734513274336283,0.9911504424778761,0.9743589743589743,0.991304347826087,0.991304347826087,0.9843138879845306,0.00850372932245157,4
0.02268109321594238,0.0037119687168185454,0.019773435592651368,0.006844400741285114,0.1,lbfgs,"{'model__C': 0.1, 'model__solver': 'lbfgs'}",0.9739130434782609,1.0,0.9661016949152542,0.991304347826087,0.991304347826087,0.984524686809138,0.012517400128370102,1
0.023979711532592773,0.007254623978708405,0.03298850059509277,0.017077704130527553,1.0,liblinear,"{'model__C': 1, 'model__solver': 'liblinear'}",0.9739130434782609,0.9821428571428571,0.9743589743589743,1.0,0.991304347826087,0.9843438445612358,0.010068837059235893,2
0.059194326400756836,0.028740657884057833,0.035834455490112306,0.029250483428210912,1.0,lbfgs,"{'model__C': 1, 'model__solver': 'lbfgs'}",0.9739130434782609,0.9821428571428571,0.9743589743589743,1.0,0.991304347826087,0.9843438445612358,0.010068837059235893,2
0.025191593170166015,0.00968750464950479,0.03761844635009766,0.023241835294416733,10.0,liblinear,"{'model__C': 10, 'model__solver': 'liblinear'}",0.9649122807017544,0.9642857142857143,0.9743589743589743,1.0,0.9739130434782609,0.9754940025649408,0.01297636462719283,6
0.042171669006347653,0.01023976862021583,0.025276708602905273,0.01258870786565497,10.0,lbfgs,"{'model__C': 10, 'model__solver': 'lbfgs'}",0.9649122807017544,0.9642857142857143,0.9743589743589743,1.0,0.9739130434782609,0.9754940025649408,0.01297636462719283,6
0.023395538330078125,0.003058623488510082,0.017594623565673827,0.006674940105224956,100.0,liblinear,"{'model__C': 100, 'model__solver': 'liblinear'}",0.9369369369369369,0.954954954954955,0.9743589743589743,0.9821428571428571,0.9557522123893806,0.9608291871566207,0.015927646199796287,10
0.06472678184509277,0.01793884356378055,0.03206639289855957,0.008363266532486062,100.0,lbfgs,"{'model__C': 100, 'model__solver': 'lbfgs'}",0.9464285714285714,0.954954954954955,0.9743589743589743,0.9911504424778761,0.9557522123893806,0.9645290311219513,0.016134741703863614,8
